<?xml version='1.0' encoding='UTF-8'?>
<?metadataRepository version='1.1.0'?>
<repository name='file:/Users/edgarm/Documents/repositories/emoran/github/json-logger/json-logger-module/target/update-site/ - metadata' type='org.eclipse.equinox.internal.p2.metadata.repository.LocalMetadataRepository' version='1.0.0'>
  <properties size='2'>
    <property name='p2.timestamp' value='1590691009529'/>
    <property name='p2.compressed' value='false'/>
  </properties>
  <units size='8'>
    <unit id='file:/Users/edgarm/Documents/repositories/emoran/github/json-logger/json-logger-module/target/classes/category.xml.678837f8-64ea-4163-a075-8b5781c3e583' version='1.0.0.433cKMya07E7E77QEcAMIS'>
      <properties size='2'>
        <property name='org.eclipse.equinox.p2.name' value='Community'/>
        <property name='org.eclipse.equinox.p2.type.category' value='true'/>
      </properties>
      <provides size='1'>
        <provided namespace='org.eclipse.equinox.p2.iu' name='file:/Users/edgarm/Documents/repositories/emoran/github/json-logger/json-logger-module/target/classes/category.xml.678837f8-64ea-4163-a075-8b5781c3e583' version='1.0.0.433cKMya07E7E77QEcAMIS'/>
      </provides>
      <requires size='2'>
        <required namespace='org.eclipse.equinox.p2.iu' name='org.mule.tooling.ui.extension.json-logger-module.3.5.0.feature.group' range='[1.1.1.202005281435,1.1.1.202005281435]'/>
        <required namespace='org.eclipse.equinox.p2.iu' name='org.mule.tooling.ui.extension.json-logger-module.3.5.0.feature.group' range='[1.1.1.202005281436,1.1.1.202005281436]'/>
      </requires>
      <touchpoint id='null' version='0.0.0'/>
    </unit>
    <unit id='org.mule.tooling.ui.contribution.json-logger.3.5.0' version='1.1.1.202005281436'>
      <update id='org.mule.tooling.ui.contribution.json-logger.3.5.0' range='[0.0.0,1.1.1.202005281436)' severity='0'/>
      <properties size='1'>
        <property name='org.eclipse.equinox.p2.name' value='JSON Logger'/>
      </properties>
      <provides size='3'>
        <provided namespace='org.eclipse.equinox.p2.iu' name='org.mule.tooling.ui.contribution.json-logger.3.5.0' version='1.1.1.202005281436'/>
        <provided namespace='osgi.bundle' name='org.mule.tooling.ui.contribution.json-logger.3.5.0' version='1.1.1.202005281436'/>
        <provided namespace='org.eclipse.equinox.p2.eclipse.type' name='bundle' version='1.0.0'/>
      </provides>
      <requires size='3'>
        <required namespace='osgi.bundle' name='org.eclipse.ui' range='0.0.0'/>
        <required namespace='osgi.bundle' name='org.eclipse.core.runtime' range='0.0.0'/>
        <required namespace='osgi.bundle' name='org.mule.tooling.core' range='1.0.0'/>
      </requires>
      <artifacts size='1'>
        <artifact classifier='osgi.bundle' id='org.mule.tooling.ui.contribution.json-logger.3.5.0' version='1.1.1.202005281436'/>
      </artifacts>
      <touchpoint id='org.eclipse.equinox.p2.osgi' version='1.0.0'/>
      <touchpointData size='1'>
        <instructions size='2'>
          <instruction key='zipped'>
            true
          </instruction>
          <instruction key='manifest'>
            Bundle-SymbolicName: org.mule.tooling.ui.contribution.json-logger.3.5.0;singleton:=true&#xA;Bundle-Version: 1.1.1.202005281436
          </instruction>
        </instructions>
      </touchpointData>
    </unit>
    <unit id='org.mule.tooling.ui.extension.json-logger-module.3.5.0.feature.jar' version='1.1.1.202005281436'>
      <properties size='2'>
        <property name='org.eclipse.equinox.p2.name' value='JSON Logger Connector (Mule 3.5.0+)'/>
        <property name='org.eclipse.equinox.p2.provider' value='Mulesoft, Inc.'/>
      </properties>
      <provides size='3'>
        <provided namespace='org.eclipse.equinox.p2.iu' name='org.mule.tooling.ui.extension.json-logger-module.3.5.0.feature.jar' version='1.1.1.202005281436'/>
        <provided namespace='org.eclipse.equinox.p2.eclipse.type' name='feature' version='1.0.0'/>
        <provided namespace='org.eclipse.update.feature' name='org.mule.tooling.ui.extension.json-logger-module.3.5.0' version='1.1.1.202005281436'/>
      </provides>
      <filter>
        (org.eclipse.update.install.features=true)
      </filter>
      <artifacts size='1'>
        <artifact classifier='org.eclipse.update.feature' id='org.mule.tooling.ui.extension.json-logger-module.3.5.0' version='1.1.1.202005281436'/>
      </artifacts>
      <touchpoint id='org.eclipse.equinox.p2.osgi' version='1.0.0'/>
      <touchpointData size='1'>
        <instructions size='1'>
          <instruction key='zipped'>
            true
          </instruction>
        </instructions>
      </touchpointData>
      <licenses size='1'>
        <license>

        </license>
      </licenses>
    </unit>
    <unit id='org.mule.tooling.ui.contribution.json-logger.3.5.0' version='1.1.1.202005281435'>
      <update id='org.mule.tooling.ui.contribution.json-logger.3.5.0' range='[0.0.0,1.1.1.202005281435)' severity='0'/>
      <properties size='1'>
        <property name='org.eclipse.equinox.p2.name' value='JSON Logger'/>
      </properties>
      <provides size='3'>
        <provided namespace='org.eclipse.equinox.p2.iu' name='org.mule.tooling.ui.contribution.json-logger.3.5.0' version='1.1.1.202005281435'/>
        <provided namespace='osgi.bundle' name='org.mule.tooling.ui.contribution.json-logger.3.5.0' version='1.1.1.202005281435'/>
        <provided namespace='org.eclipse.equinox.p2.eclipse.type' name='bundle' version='1.0.0'/>
      </provides>
      <requires size='3'>
        <required namespace='osgi.bundle' name='org.eclipse.ui' range='0.0.0'/>
        <required namespace='osgi.bundle' name='org.eclipse.core.runtime' range='0.0.0'/>
        <required namespace='osgi.bundle' name='org.mule.tooling.core' range='1.0.0'/>
      </requires>
      <artifacts size='1'>
        <artifact classifier='osgi.bundle' id='org.mule.tooling.ui.contribution.json-logger.3.5.0' version='1.1.1.202005281435'/>
      </artifacts>
      <touchpoint id='org.eclipse.equinox.p2.osgi' version='1.0.0'/>
      <touchpointData size='1'>
        <instructions size='2'>
          <instruction key='zipped'>
            true
          </instruction>
          <instruction key='manifest'>
            Bundle-SymbolicName: org.mule.tooling.ui.contribution.json-logger.3.5.0;singleton:=true&#xA;Bundle-Version: 1.1.1.202005281435
          </instruction>
        </instructions>
      </touchpointData>
    </unit>
    <unit id='org.mule.tooling.ui.extension.json-logger-module.3.5.0.feature.jar' version='1.1.1.202005281435'>
      <properties size='2'>
        <property name='org.eclipse.equinox.p2.name' value='JSON Logger Connector (Mule 3.5.0+)'/>
        <property name='org.eclipse.equinox.p2.provider' value='Mulesoft, Inc.'/>
      </properties>
      <provides size='3'>
        <provided namespace='org.eclipse.equinox.p2.iu' name='org.mule.tooling.ui.extension.json-logger-module.3.5.0.feature.jar' version='1.1.1.202005281435'/>
        <provided namespace='org.eclipse.equinox.p2.eclipse.type' name='feature' version='1.0.0'/>
        <provided namespace='org.eclipse.update.feature' name='org.mule.tooling.ui.extension.json-logger-module.3.5.0' version='1.1.1.202005281435'/>
      </provides>
      <filter>
        (org.eclipse.update.install.features=true)
      </filter>
      <artifacts size='1'>
        <artifact classifier='org.eclipse.update.feature' id='org.mule.tooling.ui.extension.json-logger-module.3.5.0' version='1.1.1.202005281435'/>
      </artifacts>
      <touchpoint id='org.eclipse.equinox.p2.osgi' version='1.0.0'/>
      <touchpointData size='1'>
        <instructions size='1'>
          <instruction key='zipped'>
            true
          </instruction>
        </instructions>
      </touchpointData>
      <licenses size='1'>
        <license>

        </license>
      </licenses>
    </unit>
    <unit id='org.mule.tooling.ui.extension.json-logger-module.3.5.0.feature.group' version='1.1.1.202005281435' singleton='false'>
      <update id='org.mule.tooling.ui.extension.json-logger-module.3.5.0.feature.group' range='[0.0.0,1.1.1.202005281435)' severity='0'/>
      <properties size='3'>
        <property name='org.eclipse.equinox.p2.name' value='JSON Logger Connector (Mule 3.5.0+)'/>
        <property name='org.eclipse.equinox.p2.provider' value='Mulesoft, Inc.'/>
        <property name='org.eclipse.equinox.p2.type.group' value='true'/>
      </properties>
      <provides size='1'>
        <provided namespace='org.eclipse.equinox.p2.iu' name='org.mule.tooling.ui.extension.json-logger-module.3.5.0.feature.group' version='1.1.1.202005281435'/>
      </provides>
      <requires size='2'>
        <required namespace='org.eclipse.equinox.p2.iu' name='org.mule.tooling.ui.contribution.json-logger.3.5.0' range='[1.1.1.202005281435,1.1.1.202005281435]'/>
        <required namespace='org.eclipse.equinox.p2.iu' name='org.mule.tooling.ui.extension.json-logger-module.3.5.0.feature.jar' range='[1.1.1.202005281435,1.1.1.202005281435]'>
          <filter>
            (org.eclipse.update.install.features=true)
          </filter>
        </required>
      </requires>
      <touchpoint id='null' version='0.0.0'/>
      <licenses size='1'>
        <license>

        </license>
      </licenses>
    </unit>
    <unit id='org.mule.tooling.ui.extension.json-logger-module.3.5.0.feature.group' version='1.1.1.202005281436' singleton='false'>
      <update id='org.mule.tooling.ui.extension.json-logger-module.3.5.0.feature.group' range='[0.0.0,1.1.1.202005281436)' severity='0'/>
      <properties size='3'>
        <property name='org.eclipse.equinox.p2.name' value='JSON Logger Connector (Mule 3.5.0+)'/>
        <property name='org.eclipse.equinox.p2.provider' value='Mulesoft, Inc.'/>
        <property name='org.eclipse.equinox.p2.type.group' value='true'/>
      </properties>
      <provides size='1'>
        <provided namespace='org.eclipse.equinox.p2.iu' name='org.mule.tooling.ui.extension.json-logger-module.3.5.0.feature.group' version='1.1.1.202005281436'/>
      </provides>
      <requires size='2'>
        <required namespace='org.eclipse.equinox.p2.iu' name='org.mule.tooling.ui.contribution.json-logger.3.5.0' range='[1.1.1.202005281436,1.1.1.202005281436]'/>
        <required namespace='org.eclipse.equinox.p2.iu' name='org.mule.tooling.ui.extension.json-logger-module.3.5.0.feature.jar' range='[1.1.1.202005281436,1.1.1.202005281436]'>
          <filter>
            (org.eclipse.update.install.features=true)
          </filter>
        </required>
      </requires>
      <touchpoint id='null' version='0.0.0'/>
      <licenses size='1'>
        <license>

        </license>
      </licenses>
    </unit>
    <unit id='file:/Users/edgarm/Documents/repositories/emoran/github/json-logger/json-logger-module/target/classes/category.xml.678837f8-64ea-4163-a075-8b5781c3e583' version='1.0.0.211cKMya0773733C7I5A9C'>
      <properties size='2'>
        <property name='org.eclipse.equinox.p2.name' value='Community'/>
        <property name='org.eclipse.equinox.p2.type.category' value='true'/>
      </properties>
      <provides size='1'>
        <provided namespace='org.eclipse.equinox.p2.iu' name='file:/Users/edgarm/Documents/repositories/emoran/github/json-logger/json-logger-module/target/classes/category.xml.678837f8-64ea-4163-a075-8b5781c3e583' version='1.0.0.211cKMya0773733C7I5A9C'/>
      </provides>
      <requires size='1'>
        <required namespace='org.eclipse.equinox.p2.iu' name='org.mule.tooling.ui.extension.json-logger-module.3.5.0.feature.group' range='[1.1.1.202005281435,1.1.1.202005281435]'/>
      </requires>
      <touchpoint id='null' version='0.0.0'/>
    </unit>
  </units>
</repository>
